num,group,year,age,population
0,small,1989-01-01,0,725654
1,small,1989-01-01,1,741838
2,small,1989-01-01,2,779636
3,small,1989-01-01,3,761233
4,small,1989-01-01,4,782349
5,small,1989-01-01,5,793505
6,small,1989-01-01,6,735264
7,small,1989-01-01,7,711035
8,small,1989-01-01,8,734441
9,small,1989-01-01,9,719776
10,small,1989-01-01,10,718696
11,small,1989-01-01,11,707365
12,small,1989-01-01,12,737520
13,small,1989-01-01,13,728438
14,small,1989-01-01,14,724719
15,small,1989-01-01,15,726807
16,small,1989-01-01,16,755385
17,small,1989-01-01,17,733055
18,small,1989-01-01,18,694030
19,medium,1989-01-01,19,639982
20,medium,1989-01-01,20,655973
21,medium,1989-01-01,21,657224
22,medium,1989-01-01,22,676071
23,medium,1989-01-01,23,662581
24,medium,1989-01-01,24,700567
25,medium,1989-01-01,25,748920
26,medium,1989-01-01,26,777105
27,medium,1989-01-01,27,792682
28,medium,1989-01-01,28,829593
29,medium,1989-01-01,29,808815
30,medium,1989-01-01,30,813332
31,medium,1989-01-01,31,789993
32,medium,1989-01-01,32,778410
33,medium,1989-01-01,33,745201
34,medium,1989-01-01,34,772070
35,medium,1989-01-01,35,722564
36,medium,1989-01-01,36,750385
37,medium,1989-01-01,37,743160
38,medium,1989-01-01,38,744123
39,medium,1989-01-01,39,782016
40,medium,1989-01-01,40,685718
41,medium,1989-01-01,41,595457
42,medium,1989-01-01,42,594377
43,medium,1989-01-01,43,383172
44,medium,1989-01-01,44,448354
45,medium,1989-01-01,45,421546
46,medium,1989-01-01,46,528285
47,medium,1989-01-01,47,719159
48,medium,1989-01-01,48,732550
49,medium,1989-01-01,49,819082
50,medium,1989-01-01,50,880281
51,medium,1989-01-01,51,919609
52,medium,1989-01-01,52,757211
53,medium,1989-01-01,53,643528
54,medium,1989-01-01,54,503713
55,medium,1989-01-01,55,437871
56,medium,1989-01-01,56,555530
57,medium,1989-01-01,57,576367
58,medium,1989-01-01,58,710854
59,medium,1989-01-01,59,674922
60,medium,1989-01-01,60,725036
61,medium,1989-01-01,61,682635
62,medium,1989-01-01,62,648990
63,medium,1989-01-01,63,601459
64,medium,1989-01-01,64,574992
65,medium,1989-01-01,65,514188
66,big,1989-01-01,66,452383
67,big,1989-01-01,67,396844
68,big,1989-01-01,68,335018
69,big,1989-01-01,69,321957
70,big,1989-01-01,70,336044
71,big,1989-01-01,71,210106
72,big,1989-01-01,72,231925
73,big,1989-01-01,73,275202
74,big,1989-01-01,74,360428
75,big,1989-01-01,75,314356
76,big,1989-01-01,76,345877
77,big,1989-01-01,77,266822
78,big,1989-01-01,78,281868
79,big,1989-01-01,79,215993
82,small,1990-01-01,0,688127
83,small,1990-01-01,1,742288
84,small,1990-01-01,2,742343
85,small,1990-01-01,3,780926
86,small,1990-01-01,4,760425
87,small,1990-01-01,5,780227
88,small,1990-01-01,6,795903
89,small,1990-01-01,7,736069
90,small,1990-01-01,8,712631
91,small,1990-01-01,9,735304
92,small,1990-01-01,10,720011
93,small,1990-01-01,11,718115
94,small,1990-01-01,12,706285
95,small,1990-01-01,13,738258
96,small,1990-01-01,14,727285
97,small,1990-01-01,15,730104
98,small,1990-01-01,16,729987
99,small,1990-01-01,17,760760
100,small,1990-01-01,18,723972
101,medium,1990-01-01,19,689155
102,medium,1990-01-01,20,644475
103,medium,1990-01-01,21,656093
104,medium,1990-01-01,22,662180
105,medium,1990-01-01,23,675535
106,medium,1990-01-01,24,662957
107,medium,1990-01-01,25,702418
108,medium,1990-01-01,26,750943
109,medium,1990-01-01,27,777745
110,medium,1990-01-01,28,794292
111,medium,1990-01-01,29,827492
112,medium,1990-01-01,30,813725
113,medium,1990-01-01,31,802151
114,medium,1990-01-01,32,790749
115,medium,1990-01-01,33,775792
116,medium,1990-01-01,34,742701
117,medium,1990-01-01,35,768280
118,medium,1990-01-01,36,716452
119,medium,1990-01-01,37,754700
120,medium,1990-01-01,38,742882
121,medium,1990-01-01,39,743865
122,medium,1990-01-01,40,786908
123,medium,1990-01-01,41,665162
124,medium,1990-01-01,42,598856
125,medium,1990-01-01,43,576601
126,medium,1990-01-01,44,381457
127,medium,1990-01-01,45,456573
128,medium,1990-01-01,46,414047
129,medium,1990-01-01,47,544199
130,medium,1990-01-01,48,704427
131,medium,1990-01-01,49,735407
132,medium,1990-01-01,50,816439
133,medium,1990-01-01,51,872370
134,medium,1990-01-01,52,912881
135,medium,1990-01-01,53,744691
136,medium,1990-01-01,54,636111
137,medium,1990-01-01,55,486783
138,medium,1990-01-01,56,432659
139,medium,1990-01-01,57,555482
140,medium,1990-01-01,58,583563
141,medium,1990-01-01,59,677521
142,medium,1990-01-01,60,676134
143,medium,1990-01-01,61,711492
144,medium,1990-01-01,62,668053
145,medium,1990-01-01,63,633913
146,medium,1990-01-01,64,586594
147,medium,1990-01-01,65,563400
148,big,1990-01-01,66,493205
149,big,1990-01-01,67,440517
150,big,1990-01-01,68,383512
151,big,1990-01-01,69,322802
152,big,1990-01-01,70,328914
153,big,1990-01-01,71,282666
154,big,1990-01-01,72,217654
155,big,1990-01-01,73,222480
156,big,1990-01-01,74,263228
157,big,1990-01-01,75,342846
158,big,1990-01-01,76,293871
159,big,1990-01-01,77,324662
160,big,1990-01-01,78,256768
161,big,1990-01-01,79,237595
164,small,1991-01-01,0,650989
165,small,1991-01-01,1,688978
166,small,1991-01-01,2,743316
167,small,1991-01-01,3,745376
168,small,1991-01-01,4,784459
169,small,1991-01-01,5,763562
170,small,1991-01-01,6,783249
171,small,1991-01-01,7,798875
172,small,1991-01-01,8,737921
173,small,1991-01-01,9,714759
174,small,1991-01-01,10,737069
175,small,1991-01-01,11,719756
176,small,1991-01-01,12,718015
177,small,1991-01-01,13,705220
178,small,1991-01-01,14,737989
179,small,1991-01-01,15,732586
180,small,1991-01-01,16,730983
181,small,1991-01-01,17,732627
182,small,1991-01-01,18,751929
183,medium,1991-01-01,19,718751
184,medium,1991-01-01,20,692082
185,medium,1991-01-01,21,648546
186,medium,1991-01-01,22,657536
187,medium,1991-01-01,23,662327
188,medium,1991-01-01,24,675518
189,medium,1991-01-01,25,663932
190,medium,1991-01-01,26,702799
191,medium,1991-01-01,27,750931
192,medium,1991-01-01,28,776914
193,medium,1991-01-01,29,794051
194,medium,1991-01-01,30,827635
195,medium,1991-01-01,31,811899
196,medium,1991-01-01,32,801042
197,medium,1991-01-01,33,788219
198,medium,1991-01-01,34,774630
199,medium,1991-01-01,35,740551
200,medium,1991-01-01,36,766147
201,medium,1991-01-01,37,713593
202,medium,1991-01-01,38,752186
203,medium,1991-01-01,39,741204
204,medium,1991-01-01,40,741953
205,medium,1991-01-01,41,784071
206,medium,1991-01-01,42,662207
207,medium,1991-01-01,43,596194
208,medium,1991-01-01,44,574413
209,medium,1991-01-01,45,380392
210,medium,1991-01-01,46,454751
211,medium,1991-01-01,47,411978
212,medium,1991-01-01,48,540983
213,medium,1991-01-01,49,700596
214,medium,1991-01-01,50,730962
215,medium,1991-01-01,51,810425
216,medium,1991-01-01,52,864941
217,medium,1991-01-01,53,904619
218,medium,1991-01-01,54,737535
219,medium,1991-01-01,55,629447
220,medium,1991-01-01,56,481180
221,medium,1991-01-01,57,426404
222,medium,1991-01-01,58,547015
223,medium,1991-01-01,59,574265
224,medium,1991-01-01,60,668472
225,medium,1991-01-01,61,663013
226,medium,1991-01-01,62,697194
227,medium,1991-01-01,63,654041
228,medium,1991-01-01,64,619262
229,medium,1991-01-01,65,572299
230,big,1991-01-01,66,548354
231,big,1991-01-01,67,479023
232,big,1991-01-01,68,427228
233,big,1991-01-01,69,371256
234,big,1991-01-01,70,311089
235,big,1991-01-01,71,315053
236,big,1991-01-01,72,271733
237,big,1991-01-01,73,206307
238,big,1991-01-01,74,210712
239,big,1991-01-01,75,248024
240,big,1991-01-01,76,321776
241,big,1991-01-01,77,274068
242,big,1991-01-01,78,301259
243,big,1991-01-01,79,235826
246,small,1992-01-01,0,629652
247,small,1992-01-01,1,652042
248,small,1992-01-01,2,690711
249,small,1992-01-01,3,744695
250,small,1992-01-01,4,748758
251,small,1992-01-01,5,788275
252,small,1992-01-01,6,767166
253,small,1992-01-01,7,786874
254,small,1992-01-01,8,802282
255,small,1992-01-01,9,740506
256,small,1992-01-01,10,717383
257,small,1992-01-01,11,739410
258,small,1992-01-01,12,720175
259,small,1992-01-01,13,718436
260,small,1992-01-01,14,705042
261,small,1992-01-01,15,739387
262,small,1992-01-01,16,730309
263,small,1992-01-01,17,727361
264,small,1992-01-01,18,725995
265,medium,1992-01-01,19,747227
266,medium,1992-01-01,20,720088
267,medium,1992-01-01,21,694079
268,medium,1992-01-01,22,649538
269,medium,1992-01-01,23,658634
270,medium,1992-01-01,24,662414
271,medium,1992-01-01,25,676940
272,medium,1992-01-01,26,666203
273,medium,1992-01-01,27,704793
274,medium,1992-01-01,28,753009
275,medium,1992-01-01,29,778596
276,medium,1992-01-01,30,797078
277,medium,1992-01-01,31,830309
278,medium,1992-01-01,32,812961
279,medium,1992-01-01,33,802595
280,medium,1992-01-01,34,788695
281,medium,1992-01-01,35,775916
282,medium,1992-01-01,36,741027
283,medium,1992-01-01,37,766559
284,medium,1992-01-01,38,712928
285,medium,1992-01-01,39,751549
286,medium,1992-01-01,40,741250
287,medium,1992-01-01,41,741560
288,medium,1992-01-01,42,782892
289,medium,1992-01-01,43,660032
290,medium,1992-01-01,44,594407
291,medium,1992-01-01,45,572688
292,medium,1992-01-01,46,379238
293,medium,1992-01-01,47,452242
294,medium,1992-01-01,48,409409
295,medium,1992-01-01,49,537465
296,medium,1992-01-01,50,696928
297,medium,1992-01-01,51,726865
298,medium,1992-01-01,52,804795
299,medium,1992-01-01,53,857719
300,medium,1992-01-01,54,896174
301,medium,1992-01-01,55,730181
302,medium,1992-01-01,56,622361
303,medium,1992-01-01,57,475287
304,medium,1992-01-01,58,419776
305,medium,1992-01-01,59,538398
306,medium,1992-01-01,60,564666
307,medium,1992-01-01,61,659251
308,medium,1992-01-01,62,649151
309,medium,1992-01-01,63,682382
310,medium,1992-01-01,64,639361
311,medium,1992-01-01,65,604101
312,big,1992-01-01,66,557169
313,big,1992-01-01,67,531937
314,big,1992-01-01,68,463626
315,big,1992-01-01,69,412712
316,big,1992-01-01,70,357694
317,big,1992-01-01,71,298141
318,big,1992-01-01,72,300219
319,big,1992-01-01,73,259990
320,big,1992-01-01,74,194292
321,big,1992-01-01,75,198365
322,big,1992-01-01,76,232254
323,big,1992-01-01,77,300073
324,big,1992-01-01,78,253345
325,big,1992-01-01,79,277044
328,small,1993-01-01,0,593399
329,small,1993-01-01,1,632747
330,small,1993-01-01,2,657877
331,small,1993-01-01,3,696141
332,small,1993-01-01,4,749531
333,small,1993-01-01,5,755955
334,small,1993-01-01,6,795746
335,small,1993-01-01,7,774289
336,small,1993-01-01,8,793714
337,small,1993-01-01,9,808773
338,small,1993-01-01,10,745950
339,small,1993-01-01,11,722661
340,small,1993-01-01,12,744135
341,small,1993-01-01,13,723128
342,small,1993-01-01,14,721399
343,small,1993-01-01,15,709581
344,small,1993-01-01,16,742441
345,small,1993-01-01,17,733589
346,small,1993-01-01,18,728045
347,medium,1993-01-01,19,722789
348,medium,1993-01-01,20,748204
349,medium,1993-01-01,21,724244
350,medium,1993-01-01,22,696206
351,medium,1993-01-01,23,651458
352,medium,1993-01-01,24,662114
353,medium,1993-01-01,25,665571
354,medium,1993-01-01,26,680897
355,medium,1993-01-01,27,671031
356,medium,1993-01-01,28,709240
357,medium,1993-01-01,29,757554
358,medium,1993-01-01,30,784025
359,medium,1993-01-01,31,802547
360,medium,1993-01-01,32,835771
361,medium,1993-01-01,33,816762
362,medium,1993-01-01,34,806796
363,medium,1993-01-01,35,791483
364,medium,1993-01-01,36,779279
365,medium,1993-01-01,37,743063
366,medium,1993-01-01,38,768746
367,medium,1993-01-01,39,714041
368,medium,1993-01-01,40,752352
369,medium,1993-01-01,41,742886
370,medium,1993-01-01,42,742505
371,medium,1993-01-01,43,782764
372,medium,1993-01-01,44,659334
373,medium,1993-01-01,45,593564
374,medium,1993-01-01,46,572250
375,medium,1993-01-01,47,378389
376,medium,1993-01-01,48,450161
377,medium,1993-01-01,49,407061
378,medium,1993-01-01,50,534443
379,medium,1993-01-01,51,693604
380,medium,1993-01-01,52,722918
381,medium,1993-01-01,53,798758
382,medium,1993-01-01,54,849879
383,medium,1993-01-01,55,887595
384,medium,1993-01-01,56,722693
385,medium,1993-01-01,57,615035
386,medium,1993-01-01,58,468864
387,medium,1993-01-01,59,412793
388,medium,1993-01-01,60,528913
389,medium,1993-01-01,61,554124
390,medium,1993-01-01,62,648228
391,medium,1993-01-01,63,634141
392,medium,1993-01-01,64,665911
393,medium,1993-01-01,65,622477
394,big,1993-01-01,66,587521
395,big,1993-01-01,67,540371
396,big,1993-01-01,68,514451
397,big,1993-01-01,69,446884
398,big,1993-01-01,70,396843
399,big,1993-01-01,71,343174
400,big,1993-01-01,72,284464
401,big,1993-01-01,73,284589
402,big,1993-01-01,74,247438
403,big,1993-01-01,75,182196
404,big,1993-01-01,76,185298
405,big,1993-01-01,77,215805
406,big,1993-01-01,78,276927
407,big,1993-01-01,79,231884
410,small,1994-01-01,0,556752
411,small,1994-01-01,1,591647
412,small,1994-01-01,2,632940
413,small,1994-01-01,3,658948
414,small,1994-01-01,4,696966
415,small,1994-01-01,5,749451
416,small,1994-01-01,6,758185
417,small,1994-01-01,7,798561
418,small,1994-01-01,8,776983
419,small,1994-01-01,9,796261
420,small,1994-01-01,10,811156
421,small,1994-01-01,11,747457
422,small,1994-01-01,12,724348
423,small,1994-01-01,13,745428
424,small,1994-01-01,14,722597
425,small,1994-01-01,15,722123
426,small,1994-01-01,16,708607
427,small,1994-01-01,17,738640
428,small,1994-01-01,18,730292
429,medium,1994-01-01,19,722986
430,medium,1994-01-01,20,718954
431,medium,1994-01-01,21,743651
432,medium,1994-01-01,22,718426
433,medium,1994-01-01,23,693435
434,medium,1994-01-01,24,648951
435,medium,1994-01-01,25,659628
436,medium,1994-01-01,26,662909
437,medium,1994-01-01,27,679350
438,medium,1994-01-01,28,670517
439,medium,1994-01-01,29,708502
440,medium,1994-01-01,30,757001
441,medium,1994-01-01,31,783210
442,medium,1994-01-01,32,802449
443,medium,1994-01-01,33,835914
444,medium,1994-01-01,34,815189
445,medium,1994-01-01,35,806072
446,medium,1994-01-01,36,789215
447,medium,1994-01-01,37,778073
448,medium,1994-01-01,38,741036
449,medium,1994-01-01,39,766339
450,medium,1994-01-01,40,710827
451,medium,1994-01-01,41,748714
452,medium,1994-01-01,42,740197
453,medium,1994-01-01,43,739318
454,medium,1994-01-01,44,778519
455,medium,1994-01-01,45,654673
456,medium,1994-01-01,46,589343
457,medium,1994-01-01,47,568083
458,medium,1994-01-01,48,375522
459,medium,1994-01-01,49,446129
460,medium,1994-01-01,50,403000
461,medium,1994-01-01,51,528936
462,medium,1994-01-01,52,686885
463,medium,1994-01-01,53,715717
464,medium,1994-01-01,54,789431
465,medium,1994-01-01,55,838991
466,medium,1994-01-01,56,875794
467,medium,1994-01-01,57,711974
468,medium,1994-01-01,58,605002
469,medium,1994-01-01,59,460484
470,medium,1994-01-01,60,404171
471,medium,1994-01-01,61,517847
472,medium,1994-01-01,62,541505
473,medium,1994-01-01,63,635177
474,medium,1994-01-01,64,616654
475,medium,1994-01-01,65,646609
476,big,1994-01-01,66,603160
477,big,1994-01-01,67,568078
478,big,1994-01-01,68,521730
479,big,1994-01-01,69,494727
480,big,1994-01-01,70,428599
481,big,1994-01-01,71,379210
482,big,1994-01-01,72,327035
483,big,1994-01-01,73,269604
484,big,1994-01-01,74,267497
485,big,1994-01-01,75,232988
486,big,1994-01-01,76,169057
487,big,1994-01-01,77,171292
488,big,1994-01-01,78,197850
489,big,1994-01-01,79,252293
492,small,1995-01-01,0,515880
493,small,1995-01-01,1,551778
494,small,1995-01-01,2,587965
495,small,1995-01-01,3,629558
496,small,1995-01-01,4,656418
497,small,1995-01-01,5,693622
498,small,1995-01-01,6,745221
499,small,1995-01-01,7,756338
500,small,1995-01-01,8,797397
501,small,1995-01-01,9,775904
502,small,1995-01-01,10,795167
503,small,1995-01-01,11,810087
504,small,1995-01-01,12,745903
505,small,1995-01-01,13,723467
506,small,1995-01-01,14,743953
507,small,1995-01-01,15,719718
508,small,1995-01-01,16,718644
509,small,1995-01-01,17,701062
510,small,1995-01-01,18,734144
511,medium,1995-01-01,19,724926
512,medium,1995-01-01,20,717911
513,medium,1995-01-01,21,711491
514,medium,1995-01-01,22,733212
515,medium,1995-01-01,23,710262
516,medium,1995-01-01,24,688194
517,medium,1995-01-01,25,643311
518,medium,1995-01-01,26,654327
519,medium,1995-01-01,27,656619
520,medium,1995-01-01,28,673776
521,medium,1995-01-01,29,665578
522,medium,1995-01-01,30,702977
523,medium,1995-01-01,31,751615
524,medium,1995-01-01,32,777349
525,medium,1995-01-01,33,797932
526,medium,1995-01-01,34,831204
527,medium,1995-01-01,35,809136
528,medium,1995-01-01,36,800972
529,medium,1995-01-01,37,782796
530,medium,1995-01-01,38,772765
531,medium,1995-01-01,39,734971
532,medium,1995-01-01,40,759686
533,medium,1995-01-01,41,704152
534,medium,1995-01-01,42,741317
535,medium,1995-01-01,43,733800
536,medium,1995-01-01,44,732751
537,medium,1995-01-01,45,770484
538,medium,1995-01-01,46,647403
539,medium,1995-01-01,47,582195
540,medium,1995-01-01,48,561410
541,medium,1995-01-01,49,371090
542,medium,1995-01-01,50,440229
543,medium,1995-01-01,51,397948
544,medium,1995-01-01,52,521581
545,medium,1995-01-01,53,677708
546,medium,1995-01-01,54,705721
547,medium,1995-01-01,55,776971
548,medium,1995-01-01,56,825025
549,medium,1995-01-01,57,860084
550,medium,1995-01-01,58,698356
551,medium,1995-01-01,59,592613
552,medium,1995-01-01,60,449849
553,medium,1995-01-01,61,393980
554,medium,1995-01-01,62,504637
555,medium,1995-01-01,63,527021
556,medium,1995-01-01,64,619747
557,medium,1995-01-01,65,596846
558,big,1995-01-01,66,625107
559,big,1995-01-01,67,581765
560,big,1995-01-01,68,546173
561,big,1995-01-01,69,500933
562,big,1995-01-01,70,472593
563,big,1995-01-01,71,408458
564,big,1995-01-01,72,359665
565,big,1995-01-01,73,309649
566,big,1995-01-01,74,253568
567,big,1995-01-01,75,249003
568,big,1995-01-01,76,217634
569,big,1995-01-01,77,155179
570,big,1995-01-01,78,156596
571,big,1995-01-01,79,179216
574,small,1996-01-01,0,487155
575,small,1996-01-01,1,512692
576,small,1996-01-01,2,548514
577,small,1996-01-01,3,585293
578,small,1996-01-01,4,627079
579,small,1996-01-01,5,654903
580,small,1996-01-01,6,690970
581,small,1996-01-01,7,741668
582,small,1996-01-01,8,754765
583,small,1996-01-01,9,796816
584,small,1996-01-01,10,775152
585,small,1996-01-01,11,794639
586,small,1996-01-01,12,809288
587,small,1996-01-01,13,744579
588,small,1996-01-01,14,722475
589,small,1996-01-01,15,742629
590,small,1996-01-01,16,716206
591,small,1996-01-01,17,711907
592,small,1996-01-01,18,697168
593,medium,1996-01-01,19,729988
594,medium,1996-01-01,20,721772
595,medium,1996-01-01,21,712493
596,medium,1996-01-01,22,702377
597,medium,1996-01-01,23,724975
598,medium,1996-01-01,24,704948
599,medium,1996-01-01,25,685277
600,medium,1996-01-01,26,639376
601,medium,1996-01-01,27,650431
602,medium,1996-01-01,28,651623
603,medium,1996-01-01,29,669467
604,medium,1996-01-01,30,661841
605,medium,1996-01-01,31,698416
606,medium,1996-01-01,32,746948
607,medium,1996-01-01,33,772271
608,medium,1996-01-01,34,793839
609,medium,1996-01-01,35,826602
610,medium,1996-01-01,36,803167
611,medium,1996-01-01,37,795852
612,medium,1996-01-01,38,776421
613,medium,1996-01-01,39,767300
614,medium,1996-01-01,40,728574
615,medium,1996-01-01,41,752970
616,medium,1996-01-01,42,697108
617,medium,1996-01-01,43,733750
618,medium,1996-01-01,44,727063
619,medium,1996-01-01,45,725348
620,medium,1996-01-01,46,762240
621,medium,1996-01-01,47,639714
622,medium,1996-01-01,48,574712
623,medium,1996-01-01,49,554342
624,medium,1996-01-01,50,365787
625,medium,1996-01-01,51,434134
626,medium,1996-01-01,52,392081
627,medium,1996-01-01,53,513539
628,medium,1996-01-01,54,667453
629,medium,1996-01-01,55,694386
630,medium,1996-01-01,56,763826
631,medium,1996-01-01,57,809455
632,medium,1996-01-01,58,843160
633,medium,1996-01-01,59,683958
634,medium,1996-01-01,60,578739
635,medium,1996-01-01,61,438884
636,medium,1996-01-01,62,383197
637,medium,1996-01-01,63,490416
638,medium,1996-01-01,64,511014
639,medium,1996-01-01,65,602755
640,big,1996-01-01,66,575988
641,big,1996-01-01,67,602490
642,big,1996-01-01,68,559418
643,big,1996-01-01,69,523807
644,big,1996-01-01,70,478996
645,big,1996-01-01,71,449868
646,big,1996-01-01,72,387232
647,big,1996-01-01,73,339750
648,big,1996-01-01,74,291654
649,big,1996-01-01,75,237043
650,big,1996-01-01,76,230627
651,big,1996-01-01,77,202040
652,big,1996-01-01,78,141064
653,big,1996-01-01,79,141758
656,small,1997-01-01,0,461791
657,small,1997-01-01,1,484999
658,small,1997-01-01,2,510317
659,small,1997-01-01,3,544845
660,small,1997-01-01,4,582477
661,small,1997-01-01,5,624122
662,small,1997-01-01,6,652399
663,small,1997-01-01,7,687738
664,small,1997-01-01,8,737393
665,small,1997-01-01,9,752704
666,small,1997-01-01,10,795514
667,small,1997-01-01,11,773875
668,small,1997-01-01,12,793303
669,small,1997-01-01,13,808135
670,small,1997-01-01,14,742747
671,small,1997-01-01,15,721043
672,small,1997-01-01,16,740417
673,small,1997-01-01,17,710582
674,small,1997-01-01,18,709164
675,medium,1997-01-01,19,692456
676,medium,1997-01-01,20,726757
677,medium,1997-01-01,21,716927
678,medium,1997-01-01,22,704093
679,medium,1997-01-01,23,693794
680,medium,1997-01-01,24,716488
681,medium,1997-01-01,25,698751
682,medium,1997-01-01,26,681409
683,medium,1997-01-01,27,634495
684,medium,1997-01-01,28,645891
685,medium,1997-01-01,29,645536
686,medium,1997-01-01,30,664011
687,medium,1997-01-01,31,657120
688,medium,1997-01-01,32,693093
689,medium,1997-01-01,33,741394
690,medium,1997-01-01,34,765840
691,medium,1997-01-01,35,788632
692,medium,1997-01-01,36,821026
693,medium,1997-01-01,37,796550
694,medium,1997-01-01,38,789648
695,medium,1997-01-01,39,768915
696,medium,1997-01-01,40,760775
697,medium,1997-01-01,41,721489
698,medium,1997-01-01,42,745743
699,medium,1997-01-01,43,689415
700,medium,1997-01-01,44,725479
701,medium,1997-01-01,45,719371
702,medium,1997-01-01,46,717553
703,medium,1997-01-01,47,753269
704,medium,1997-01-01,48,631107
705,medium,1997-01-01,49,566692
706,medium,1997-01-01,50,546089
707,medium,1997-01-01,51,360649
708,medium,1997-01-01,52,427558
709,medium,1997-01-01,53,385996
710,medium,1997-01-01,54,504960
711,medium,1997-01-01,55,656643
712,medium,1997-01-01,56,682686
713,medium,1997-01-01,57,749666
714,medium,1997-01-01,58,792890
715,medium,1997-01-01,59,825453
716,medium,1997-01-01,60,668167
717,medium,1997-01-01,61,564401
718,medium,1997-01-01,62,427213
719,medium,1997-01-01,63,371919
720,medium,1997-01-01,64,475669
721,medium,1997-01-01,65,494670
722,big,1997-01-01,66,585824
723,big,1997-01-01,67,554832
724,big,1997-01-01,68,578727
725,big,1997-01-01,69,536232
726,big,1997-01-01,70,500660
727,big,1997-01-01,71,456926
728,big,1997-01-01,72,426693
729,big,1997-01-01,73,365726
730,big,1997-01-01,74,319470
731,big,1997-01-01,75,273450
732,big,1997-01-01,76,220499
733,big,1997-01-01,77,212026
734,big,1997-01-01,78,186526
735,big,1997-01-01,79,127430
738,small,1998-01-01,0,437614
739,small,1998-01-01,1,461314
740,small,1998-01-01,2,484150
741,small,1998-01-01,3,508411
742,small,1998-01-01,4,541897
743,small,1998-01-01,5,580065
744,small,1998-01-01,6,621728
745,small,1998-01-01,7,650721
746,small,1998-01-01,8,685238
747,small,1998-01-01,9,733961
748,small,1998-01-01,10,751367
749,small,1998-01-01,11,794901
750,small,1998-01-01,12,773159
751,small,1998-01-01,13,792515
752,small,1998-01-01,14,807494
753,small,1998-01-01,15,741430
754,small,1998-01-01,16,719725
755,small,1998-01-01,17,737306
756,small,1998-01-01,18,707914
757,medium,1998-01-01,19,705524
758,medium,1998-01-01,20,688022
759,medium,1998-01-01,21,722776
760,medium,1998-01-01,22,710533
761,medium,1998-01-01,23,698071
762,medium,1998-01-01,24,686571
763,medium,1998-01-01,25,708875
764,medium,1998-01-01,26,693600
765,medium,1998-01-01,27,678917
766,medium,1998-01-01,28,631011
767,medium,1998-01-01,29,642530
768,medium,1998-01-01,30,641215
769,medium,1998-01-01,31,660123
770,medium,1998-01-01,32,653665
771,medium,1998-01-01,33,688605
772,medium,1998-01-01,34,736740
773,medium,1998-01-01,35,760632
774,medium,1998-01-01,36,784397
775,medium,1998-01-01,37,816565
776,medium,1998-01-01,38,790534
777,medium,1998-01-01,39,784389
778,medium,1998-01-01,40,762117
779,medium,1998-01-01,41,755405
780,medium,1998-01-01,42,715107
781,medium,1998-01-01,43,739197
782,medium,1998-01-01,44,682298
783,medium,1998-01-01,45,717573
784,medium,1998-01-01,46,712752
785,medium,1998-01-01,47,710261
786,medium,1998-01-01,48,744773
787,medium,1998-01-01,49,623056
788,medium,1998-01-01,50,559034
789,medium,1998-01-01,51,539083
790,medium,1998-01-01,52,355999
791,medium,1998-01-01,53,421126
792,medium,1998-01-01,54,379999
793,medium,1998-01-01,55,496521
794,medium,1998-01-01,56,646475
795,medium,1998-01-01,57,671458
796,medium,1998-01-01,58,736035
797,medium,1998-01-01,59,777135
798,medium,1998-01-01,60,806958
799,medium,1998-01-01,61,652937
800,medium,1998-01-01,62,550739
801,medium,1998-01-01,63,415787
802,medium,1998-01-01,64,360851
803,medium,1998-01-01,65,461178
804,big,1998-01-01,66,478859
805,big,1998-01-01,67,568537
806,big,1998-01-01,68,533799
807,big,1998-01-01,69,555575
808,big,1998-01-01,70,513244
809,big,1998-01-01,71,477818
810,big,1998-01-01,72,434615
811,big,1998-01-01,73,403964
812,big,1998-01-01,74,344796
813,big,1998-01-01,75,299048
814,big,1998-01-01,76,255309
815,big,1998-01-01,77,203973
816,big,1998-01-01,78,193604
817,big,1998-01-01,79,171602
820,small,1999-01-01,0,414892
821,small,1999-01-01,1,434990
822,small,1999-01-01,2,461847
823,small,1999-01-01,3,483419
824,small,1999-01-01,4,506272
825,small,1999-01-01,5,538822
826,small,1999-01-01,6,577627
827,small,1999-01-01,7,619189
828,small,1999-01-01,8,648827
829,small,1999-01-01,9,682574
830,small,1999-01-01,10,730124
831,small,1999-01-01,11,749902
832,small,1999-01-01,12,793947
833,small,1999-01-01,13,772186
834,small,1999-01-01,14,791401
835,small,1999-01-01,15,806580
836,small,1999-01-01,16,739739
837,small,1999-01-01,17,717357
838,small,1999-01-01,18,735775
839,medium,1999-01-01,19,703825
840,medium,1999-01-01,20,701572
841,medium,1999-01-01,21,682930
842,medium,1999-01-01,22,716593
843,medium,1999-01-01,23,705558
844,medium,1999-01-01,24,692072
845,medium,1999-01-01,25,679251
846,medium,1999-01-01,26,701248
847,medium,1999-01-01,27,688031
848,medium,1999-01-01,28,675598
849,medium,1999-01-01,29,627491
850,medium,1999-01-01,30,639160
851,medium,1999-01-01,31,636690
852,medium,1999-01-01,32,655925
853,medium,1999-01-01,33,649945
854,medium,1999-01-01,34,684001
855,medium,1999-01-01,35,731964
856,medium,1999-01-01,36,755272
857,medium,1999-01-01,37,780067
858,medium,1999-01-01,38,811924
859,medium,1999-01-01,39,784509
860,medium,1999-01-01,40,778789
861,medium,1999-01-01,41,755533
862,medium,1999-01-01,42,749905
863,medium,1999-01-01,43,708931
864,medium,1999-01-01,44,732565
865,medium,1999-01-01,45,675152
866,medium,1999-01-01,46,709978
867,medium,1999-01-01,47,706098
868,medium,1999-01-01,48,703028
869,medium,1999-01-01,49,736321
870,medium,1999-01-01,50,614919
871,medium,1999-01-01,51,551588
872,medium,1999-01-01,52,532362
873,medium,1999-01-01,53,351366
874,medium,1999-01-01,54,414913
875,medium,1999-01-01,55,373981
876,medium,1999-01-01,56,488362
877,medium,1999-01-01,57,636469
878,medium,1999-01-01,58,660714
879,medium,1999-01-01,59,722516
880,medium,1999-01-01,60,760954
881,medium,1999-01-01,61,789594
882,medium,1999-01-01,62,637926
883,medium,1999-01-01,63,537369
884,medium,1999-01-01,64,404834
885,medium,1999-01-01,65,349856
886,big,1999-01-01,66,446831
887,big,1999-01-01,67,462940
888,big,1999-01-01,68,551337
889,big,1999-01-01,69,512563
890,big,1999-01-01,70,532391
891,big,1999-01-01,71,490108
892,big,1999-01-01,72,455076
893,big,1999-01-01,73,412686
894,big,1999-01-01,74,381011
895,big,1999-01-01,75,323599
896,big,1999-01-01,76,279066
897,big,1999-01-01,77,237209
898,big,1999-01-01,78,188032
899,big,1999-01-01,79,175661
902,small,2000-01-01,0,384980
903,small,2000-01-01,1,413094
904,small,2000-01-01,2,432980
905,small,2000-01-01,3,462507
906,small,2000-01-01,4,482901
907,small,2000-01-01,5,504560
908,small,2000-01-01,6,536188
909,small,2000-01-01,7,575761
910,small,2000-01-01,8,617399
911,small,2000-01-01,9,647776
912,small,2000-01-01,10,680584
913,small,2000-01-01,11,727281
914,small,2000-01-01,12,749165
915,small,2000-01-01,13,793896
916,small,2000-01-01,14,771905
917,small,2000-01-01,15,790913
918,small,2000-01-01,16,806043
919,small,2000-01-01,17,738050
920,small,2000-01-01,18,716275
921,medium,2000-01-01,19,734235
922,medium,2000-01-01,20,700341
923,medium,2000-01-01,21,697797
924,medium,2000-01-01,22,678483
925,medium,2000-01-01,23,712641
926,medium,2000-01-01,24,701080
927,medium,2000-01-01,25,686410
928,medium,2000-01-01,26,672121
929,medium,2000-01-01,27,694030
930,medium,2000-01-01,28,683064
931,medium,2000-01-01,29,673258
932,medium,2000-01-01,30,624223
933,medium,2000-01-01,31,636037
934,medium,2000-01-01,32,632496
935,medium,2000-01-01,33,652199
936,medium,2000-01-01,34,646848
937,medium,2000-01-01,35,680010
938,medium,2000-01-01,36,727717
939,medium,2000-01-01,37,750468
940,medium,2000-01-01,38,776232
941,medium,2000-01-01,39,807837
942,medium,2000-01-01,40,778687
943,medium,2000-01-01,41,773685
944,medium,2000-01-01,42,749343
945,medium,2000-01-01,43,744613
946,medium,2000-01-01,44,702967
947,medium,2000-01-01,45,726203
948,medium,2000-01-01,46,668236
949,medium,2000-01-01,47,702478
950,medium,2000-01-01,48,699557
951,medium,2000-01-01,49,695781
952,medium,2000-01-01,50,727658
953,medium,2000-01-01,51,607378
954,medium,2000-01-01,52,544274
955,medium,2000-01-01,53,525449
956,medium,2000-01-01,54,346689
957,medium,2000-01-01,55,408472
958,medium,2000-01-01,56,368026
959,medium,2000-01-01,57,480182
960,medium,2000-01-01,58,626409
961,medium,2000-01-01,59,649428
962,medium,2000-01-01,60,708349
963,medium,2000-01-01,61,744781
964,medium,2000-01-01,62,771525
965,medium,2000-01-01,63,622682
966,medium,2000-01-01,64,523414
967,medium,2000-01-01,65,393149
968,big,2000-01-01,66,338671
969,big,2000-01-01,67,431930
970,big,2000-01-01,68,446455
971,big,2000-01-01,69,533383
972,big,2000-01-01,70,490543
973,big,2000-01-01,71,508632
974,big,2000-01-01,72,466690
975,big,2000-01-01,73,431389
976,big,2000-01-01,74,389890
977,big,2000-01-01,75,357460
978,big,2000-01-01,76,301922
979,big,2000-01-01,77,258572
980,big,2000-01-01,78,218983
981,big,2000-01-01,79,171793
984,small,2001-01-01,0,381239
985,small,2001-01-01,1,385878
986,small,2001-01-01,2,412201
987,small,2001-01-01,3,431109
988,small,2001-01-01,4,463153
989,small,2001-01-01,5,482333
990,small,2001-01-01,6,502847
991,small,2001-01-01,7,533528
992,small,2001-01-01,8,573832
993,small,2001-01-01,9,615518
994,small,2001-01-01,10,646635
995,small,2001-01-01,11,678607
996,small,2001-01-01,12,724311
997,small,2001-01-01,13,748360
998,small,2001-01-01,14,793742
999,small,2001-01-01,15,771503
1000,small,2001-01-01,16,790512
1001,small,2001-01-01,17,805375
1002,small,2001-01-01,18,736768
1003,medium,2001-01-01,19,715367
1004,medium,2001-01-01,20,732593
1005,medium,2001-01-01,21,696820
1006,medium,2001-01-01,22,694007
1007,medium,2001-01-01,23,674006
1008,medium,2001-01-01,24,708558
1009,medium,2001-01-01,25,696527
1010,medium,2001-01-01,26,680717
1011,medium,2001-01-01,27,664845
1012,medium,2001-01-01,28,686645
1013,medium,2001-01-01,29,677908
1014,medium,2001-01-01,30,670687
1015,medium,2001-01-01,31,620940
1016,medium,2001-01-01,32,632910
1017,medium,2001-01-01,33,628049
1018,medium,2001-01-01,34,648313
1019,medium,2001-01-01,35,643418
1020,medium,2001-01-01,36,675799
1021,medium,2001-01-01,37,723324
1022,medium,2001-01-01,38,745146
1023,medium,2001-01-01,39,771911
1024,medium,2001-01-01,40,802936
1025,medium,2001-01-01,41,772517
1026,medium,2001-01-01,42,768124
1027,medium,2001-01-01,43,742597
1028,medium,2001-01-01,44,738692
1029,medium,2001-01-01,45,696146
1030,medium,2001-01-01,46,719105
1031,medium,2001-01-01,47,660754
1032,medium,2001-01-01,48,694251
1033,medium,2001-01-01,49,692216
1034,medium,2001-01-01,50,687599
1035,medium,2001-01-01,51,718532
1036,medium,2001-01-01,52,598910
1037,medium,2001-01-01,53,536401
1038,medium,2001-01-01,54,517972
1039,medium,2001-01-01,55,341408
1040,medium,2001-01-01,56,401626
1041,medium,2001-01-01,57,361560
1042,medium,2001-01-01,58,471299
1043,medium,2001-01-01,59,615577
1044,medium,2001-01-01,60,636955
1045,medium,2001-01-01,61,693188
1046,medium,2001-01-01,62,727241
1047,medium,2001-01-01,63,751783
1048,medium,2001-01-01,64,606287
1049,medium,2001-01-01,65,508045
1050,big,2001-01-01,66,380818
1051,big,2001-01-01,67,326865
1052,big,2001-01-01,68,416249
1053,big,2001-01-01,69,429332
1054,big,2001-01-01,70,514539
1055,big,2001-01-01,71,467421
1056,big,2001-01-01,72,483291
1057,big,2001-01-01,73,441718
1058,big,2001-01-01,74,406908
1059,big,2001-01-01,75,366034
1060,big,2001-01-01,76,332932
1061,big,2001-01-01,77,279393
1062,big,2001-01-01,78,237457
1063,big,2001-01-01,79,200344
1066,small,2002-01-01,0,358166
1067,small,2002-01-01,1,382842
1068,small,2002-01-01,2,387740
1069,small,2002-01-01,3,413050
1070,small,2002-01-01,4,432397
1071,small,2002-01-01,5,464257
1072,small,2002-01-01,6,483672
1073,small,2002-01-01,7,502865
1074,small,2002-01-01,8,534592
1075,small,2002-01-01,9,573721
1076,small,2002-01-01,10,617626
1077,small,2002-01-01,11,647564
1078,small,2002-01-01,12,676983
1079,small,2002-01-01,13,724944
1080,small,2002-01-01,14,749444
1081,small,2002-01-01,15,793878
1082,small,2002-01-01,16,770589
1083,small,2002-01-01,17,792646
1084,small,2002-01-01,18,803875
1085,medium,2002-01-01,19,730580
1086,medium,2002-01-01,20,713312
1087,medium,2002-01-01,21,728058
1088,medium,2002-01-01,22,691934
1089,medium,2002-01-01,23,688546
1090,medium,2002-01-01,24,667738
1091,medium,2002-01-01,25,705595
1092,medium,2002-01-01,26,687427
1093,medium,2002-01-01,27,675324
1094,medium,2002-01-01,28,656025
1095,medium,2002-01-01,29,677639
1096,medium,2002-01-01,30,671190
1097,medium,2002-01-01,31,664178
1098,medium,2002-01-01,32,617906
1099,medium,2002-01-01,33,628084
1100,medium,2002-01-01,34,622745
1101,medium,2002-01-01,35,643559
1102,medium,2002-01-01,36,638393
1103,medium,2002-01-01,37,674225
1104,medium,2002-01-01,38,721167
1105,medium,2002-01-01,39,739735
1106,medium,2002-01-01,40,766372
1107,medium,2002-01-01,41,799533
1108,medium,2002-01-01,42,765860
1109,medium,2002-01-01,43,761417
1110,medium,2002-01-01,44,735149
1111,medium,2002-01-01,45,729264
1112,medium,2002-01-01,46,691668
1113,medium,2002-01-01,47,707858
1114,medium,2002-01-01,48,652561
1115,medium,2002-01-01,49,689068
1116,medium,2002-01-01,50,682389
1117,medium,2002-01-01,51,678933
1118,medium,2002-01-01,52,709617
1119,medium,2002-01-01,53,575317
1120,medium,2002-01-01,54,536332
1121,medium,2002-01-01,55,500849
1122,medium,2002-01-01,56,336773
1123,medium,2002-01-01,57,396374
1124,medium,2002-01-01,58,358128
1125,medium,2002-01-01,59,470587
1126,medium,2002-01-01,60,609746
1127,medium,2002-01-01,61,629279
1128,medium,2002-01-01,62,684677
1129,medium,2002-01-01,63,709233
1130,medium,2002-01-01,64,731115
1131,medium,2002-01-01,65,584768
1132,big,2002-01-01,66,488460
1133,big,2002-01-01,67,361213
1134,big,2002-01-01,68,321007
1135,big,2002-01-01,69,402723
1136,big,2002-01-01,70,421930
1137,big,2002-01-01,71,495262
1138,big,2002-01-01,72,445368
1139,big,2002-01-01,73,458391
1140,big,2002-01-01,74,418113
1141,big,2002-01-01,75,379883
1142,big,2002-01-01,76,343124
1143,big,2002-01-01,77,306442
1144,big,2002-01-01,78,255399
1145,big,2002-01-01,79,216072
1148,small,2003-01-01,0,387328
1149,small,2003-01-01,1,371672
1150,small,2003-01-01,2,382378
1151,small,2003-01-01,3,387113
1152,small,2003-01-01,4,411049
1153,small,2003-01-01,5,428806
1154,small,2003-01-01,6,463231
1155,small,2003-01-01,7,481205
1156,small,2003-01-01,8,500639
1157,small,2003-01-01,9,530373
1158,small,2003-01-01,10,571354
1159,small,2003-01-01,11,612992
1160,small,2003-01-01,12,644834
1161,small,2003-01-01,13,676018
1162,small,2003-01-01,14,720485
1163,small,2003-01-01,15,746380
1164,small,2003-01-01,16,792452
1165,small,2003-01-01,17,770321
1166,small,2003-01-01,18,789260
1167,medium,2003-01-01,19,803927
1168,medium,2003-01-01,20,734468
1169,medium,2003-01-01,21,712843
1170,medium,2003-01-01,22,729089
1171,medium,2003-01-01,23,691187
1172,medium,2003-01-01,24,687897
1173,medium,2003-01-01,25,666961
1174,medium,2003-01-01,26,701872
1175,medium,2003-01-01,27,689309
1176,medium,2003-01-01,28,672424
1177,medium,2003-01-01,29,655276
1178,medium,2003-01-01,30,676524
1179,medium,2003-01-01,31,670230
1180,medium,2003-01-01,32,665308
1181,medium,2003-01-01,33,615045
1182,medium,2003-01-01,34,626708
1183,medium,2003-01-01,35,620477
1184,medium,2003-01-01,36,641065
1185,medium,2003-01-01,37,636599
1186,medium,2003-01-01,38,667791
1187,medium,2003-01-01,39,714695
1188,medium,2003-01-01,40,734888
1189,medium,2003-01-01,41,762582
1190,medium,2003-01-01,42,792194
1191,medium,2003-01-01,43,760410
1192,medium,2003-01-01,44,756448
1193,medium,2003-01-01,45,729030
1194,medium,2003-01-01,46,726086
1195,medium,2003-01-01,47,682125
1196,medium,2003-01-01,48,704328
1197,medium,2003-01-01,49,645889
1198,medium,2003-01-01,50,677229
1199,medium,2003-01-01,51,675730
1200,medium,2003-01-01,52,670104
1201,medium,2003-01-01,53,698854
1202,medium,2003-01-01,54,581530
1203,medium,2003-01-01,55,519486
1204,medium,2003-01-01,56,501339
1205,medium,2003-01-01,57,329888
1206,medium,2003-01-01,58,386914
1207,medium,2003-01-01,59,347768
1208,medium,2003-01-01,60,451653
1209,medium,2003-01-01,61,589851
1210,medium,2003-01-01,62,608640
1211,medium,2003-01-01,63,659686
1212,medium,2003-01-01,64,689407
1213,medium,2003-01-01,65,710497
1214,big,2003-01-01,66,571512
1215,big,2003-01-01,67,476017
1216,big,2003-01-01,68,354929
1217,big,2003-01-01,69,302145
1218,big,2003-01-01,70,383632
1219,big,2003-01-01,71,393004
1220,big,2003-01-01,72,471537
1221,big,2003-01-01,73,420369
1222,big,2003-01-01,74,432265
1223,big,2003-01-01,75,391779
1224,big,2003-01-01,76,357524
1225,big,2003-01-01,77,318303
1226,big,2003-01-01,78,284948
1227,big,2003-01-01,79,235252
1230,small,2004-01-01,0,405347
1231,small,2004-01-01,1,386089
1232,small,2004-01-01,2,370978
1233,small,2004-01-01,3,381850
1234,small,2004-01-01,4,386618
1235,small,2004-01-01,5,410588
1236,small,2004-01-01,6,428392
1237,small,2004-01-01,7,462726
1238,small,2004-01-01,8,480769
1239,small,2004-01-01,9,500131
1240,small,2004-01-01,10,529894
1241,small,2004-01-01,11,570866
1242,small,2004-01-01,12,612404
1243,small,2004-01-01,13,644281
1244,small,2004-01-01,14,675368
1245,small,2004-01-01,15,719754
1246,small,2004-01-01,16,745630
1247,small,2004-01-01,17,791630
1248,small,2004-01-01,18,769747
1249,medium,2004-01-01,19,788286
1250,medium,2004-01-01,20,802820
1251,medium,2004-01-01,21,733149
1252,medium,2004-01-01,22,711307
1253,medium,2004-01-01,23,727168
1254,medium,2004-01-01,24,689061
1255,medium,2004-01-01,25,685539
1256,medium,2004-01-01,26,664726
1257,medium,2004-01-01,27,699322
1258,medium,2004-01-01,28,686783
1259,medium,2004-01-01,29,669854
1260,medium,2004-01-01,30,652652
1261,medium,2004-01-01,31,673856
1262,medium,2004-01-01,32,667652
1263,medium,2004-01-01,33,662686
1264,medium,2004-01-01,34,612440
1265,medium,2004-01-01,35,623791
1266,medium,2004-01-01,36,617505
1267,medium,2004-01-01,37,637806
1268,medium,2004-01-01,38,633302
1269,medium,2004-01-01,39,664047
1270,medium,2004-01-01,40,710079
1271,medium,2004-01-01,41,730282
1272,medium,2004-01-01,42,757502
1273,medium,2004-01-01,43,786488
1274,medium,2004-01-01,44,754586
1275,medium,2004-01-01,45,749866
1276,medium,2004-01-01,46,722509
1277,medium,2004-01-01,47,719366
1278,medium,2004-01-01,48,675181
1279,medium,2004-01-01,49,696742
1280,medium,2004-01-01,50,637821
1281,medium,2004-01-01,51,668706
1282,medium,2004-01-01,52,666831
1283,medium,2004-01-01,53,660546
1284,medium,2004-01-01,54,688710
1285,medium,2004-01-01,55,572378
1286,medium,2004-01-01,56,510760
1287,medium,2004-01-01,57,492591
1288,medium,2004-01-01,58,323700
1289,medium,2004-01-01,59,379189
1290,medium,2004-01-01,60,340248
1291,medium,2004-01-01,61,441226
1292,medium,2004-01-01,62,575973
1293,medium,2004-01-01,63,592980
1294,medium,2004-01-01,64,641707
1295,medium,2004-01-01,65,669248
1296,big,2004-01-01,66,688230
1297,big,2004-01-01,67,552806
1298,big,2004-01-01,68,458676
1299,big,2004-01-01,69,340801
1300,big,2004-01-01,70,289064
1301,big,2004-01-01,71,366528
1302,big,2004-01-01,72,374176
1303,big,2004-01-01,73,447390
1304,big,2004-01-01,74,396048
1305,big,2004-01-01,75,405432
1306,big,2004-01-01,76,365504
1307,big,2004-01-01,77,331822
1308,big,2004-01-01,78,293562
1309,big,2004-01-01,79,260243
1312,small,2005-01-01,0,423921
1313,small,2005-01-01,1,404225
1314,small,2005-01-01,2,385616
1315,small,2005-01-01,3,370664
1316,small,2005-01-01,4,381581
1317,small,2005-01-01,5,386319
1318,small,2005-01-01,6,410285
1319,small,2005-01-01,7,428152
1320,small,2005-01-01,8,462443
1321,small,2005-01-01,9,480518
1322,small,2005-01-01,10,499825
1323,small,2005-01-01,11,529606
1324,small,2005-01-01,12,570629
1325,small,2005-01-01,13,612110
1326,small,2005-01-01,14,643908
1327,small,2005-01-01,15,674997
1328,small,2005-01-01,16,719248
1329,small,2005-01-01,17,745131
1330,small,2005-01-01,18,791186
1331,medium,2005-01-01,19,769033
1332,medium,2005-01-01,20,787378
1333,medium,2005-01-01,21,801547
1334,medium,2005-01-01,22,731858
1335,medium,2005-01-01,23,709766
1336,medium,2005-01-01,24,725518
1337,medium,2005-01-01,25,687097
1338,medium,2005-01-01,26,683541
1339,medium,2005-01-01,27,662518
1340,medium,2005-01-01,28,697058
1341,medium,2005-01-01,29,684516
1342,medium,2005-01-01,30,667376
1343,medium,2005-01-01,31,650353
1344,medium,2005-01-01,32,671321
1345,medium,2005-01-01,33,665150
1346,medium,2005-01-01,34,659997
1347,medium,2005-01-01,35,609691
1348,medium,2005-01-01,36,620754
1349,medium,2005-01-01,37,614192
1350,medium,2005-01-01,38,634339
1351,medium,2005-01-01,39,629953
1352,medium,2005-01-01,40,659748
1353,medium,2005-01-01,41,705490
1354,medium,2005-01-01,42,725175
1355,medium,2005-01-01,43,751904
1356,medium,2005-01-01,44,780446
1357,medium,2005-01-01,45,747948
1358,medium,2005-01-01,46,743195
1359,medium,2005-01-01,47,715255
1360,medium,2005-01-01,48,712080
1361,medium,2005-01-01,49,667864
1362,medium,2005-01-01,50,687955
1363,medium,2005-01-01,51,629801
1364,medium,2005-01-01,52,659761
1365,medium,2005-01-01,53,657437
1366,medium,2005-01-01,54,650813
1367,medium,2005-01-01,55,677317
1368,medium,2005-01-01,56,562936
1369,medium,2005-01-01,57,501664
1370,medium,2005-01-01,58,483599
1371,medium,2005-01-01,59,317386
1372,medium,2005-01-01,60,370695
1373,medium,2005-01-01,61,332475
1374,medium,2005-01-01,62,430518
1375,medium,2005-01-01,63,561554
1376,medium,2005-01-01,64,576941
1377,medium,2005-01-01,65,623213
1378,big,2005-01-01,66,648902
1379,big,2005-01-01,67,665896
1380,big,2005-01-01,68,533429
1381,big,2005-01-01,69,441046
1382,big,2005-01-01,70,326572
1383,big,2005-01-01,71,276017
1384,big,2005-01-01,72,349142
1385,big,2005-01-01,73,355360
1386,big,2005-01-01,74,423431
1387,big,2005-01-01,75,371749
1388,big,2005-01-01,76,378685
1389,big,2005-01-01,77,339852
1390,big,2005-01-01,78,306648
1391,big,2005-01-01,79,269309
1394,small,2006-01-01,0,422564
1395,small,2006-01-01,1,422882
1396,small,2006-01-01,2,403797
1397,small,2006-01-01,3,385377
1398,small,2006-01-01,4,370464
1399,small,2006-01-01,5,381380
1400,small,2006-01-01,6,386129
1401,small,2006-01-01,7,410123
1402,small,2006-01-01,8,427970
1403,small,2006-01-01,9,462276
1404,small,2006-01-01,10,480344
1405,small,2006-01-01,11,499628
1406,small,2006-01-01,12,529457
1407,small,2006-01-01,13,570368
1408,small,2006-01-01,14,611923
1409,small,2006-01-01,15,643606
1410,small,2006-01-01,16,674710
1411,small,2006-01-01,17,718971
1412,small,2006-01-01,18,744795
1413,medium,2006-01-01,19,790667
1414,medium,2006-01-01,20,768292
1415,medium,2006-01-01,21,786490
1416,medium,2006-01-01,22,800313
1417,medium,2006-01-01,23,730541
1418,medium,2006-01-01,24,708305
1419,medium,2006-01-01,25,723790
1420,medium,2006-01-01,26,685204
1421,medium,2006-01-01,27,681577
1422,medium,2006-01-01,28,660522
1423,medium,2006-01-01,29,694893
1424,medium,2006-01-01,30,682087
1425,medium,2006-01-01,31,664954
1426,medium,2006-01-01,32,647906
1427,medium,2006-01-01,33,668491
1428,medium,2006-01-01,34,662582
1429,medium,2006-01-01,35,656903
1430,medium,2006-01-01,36,606845
1431,medium,2006-01-01,37,617628
1432,medium,2006-01-01,38,610847
1433,medium,2006-01-01,39,630751
1434,medium,2006-01-01,40,625791
1435,medium,2006-01-01,41,655466
1436,medium,2006-01-01,42,700574
1437,medium,2006-01-01,43,719740
1438,medium,2006-01-01,44,746257
1439,medium,2006-01-01,45,773590
1440,medium,2006-01-01,46,741254
1441,medium,2006-01-01,47,736042
1442,medium,2006-01-01,48,707974
1443,medium,2006-01-01,49,704410
1444,medium,2006-01-01,50,659267
1445,medium,2006-01-01,51,679269
1446,medium,2006-01-01,52,621275
1447,medium,2006-01-01,53,650385
1448,medium,2006-01-01,54,647691
1449,medium,2006-01-01,55,640283
1450,medium,2006-01-01,56,665379
1451,medium,2006-01-01,57,552992
1452,medium,2006-01-01,58,492364
1453,medium,2006-01-01,59,474073
1454,medium,2006-01-01,60,310361
1455,medium,2006-01-01,61,361573
1456,medium,2006-01-01,62,324191
1457,medium,2006-01-01,63,419025
1458,medium,2006-01-01,64,546444
1459,medium,2006-01-01,65,560426
1460,big,2006-01-01,66,604238
1461,big,2006-01-01,67,627542
1462,big,2006-01-01,68,642150
1463,big,2006-01-01,69,513261
1464,big,2006-01-01,70,422527
1465,big,2006-01-01,71,311647
1466,big,2006-01-01,72,262456
1467,big,2006-01-01,73,331023
1468,big,2006-01-01,74,335715
1469,big,2006-01-01,75,398349
1470,big,2006-01-01,76,346857
1471,big,2006-01-01,77,351161
1472,big,2006-01-01,78,313430
1473,big,2006-01-01,79,280872
1476,small,2007-01-01,0,456726
1477,small,2007-01-01,1,421572
1478,small,2007-01-01,2,422590
1479,small,2007-01-01,3,403597
1480,small,2007-01-01,4,385225
1481,small,2007-01-01,5,370309
1482,small,2007-01-01,6,381234
1483,small,2007-01-01,7,385970
1484,small,2007-01-01,8,410024
1485,small,2007-01-01,9,427838
1486,small,2007-01-01,10,462163
1487,small,2007-01-01,11,480246
1488,small,2007-01-01,12,499467
1489,small,2007-01-01,13,529291
1490,small,2007-01-01,14,570187
1491,small,2007-01-01,15,611631
1492,small,2007-01-01,16,643393
1493,small,2007-01-01,17,674603
1494,small,2007-01-01,18,719032
1495,medium,2007-01-01,19,744764
1496,medium,2007-01-01,20,790435
1497,medium,2007-01-01,21,767922
1498,medium,2007-01-01,22,785859
1499,medium,2007-01-01,23,799456
1500,medium,2007-01-01,24,729678
1501,medium,2007-01-01,25,707116
1502,medium,2007-01-01,26,722451
1503,medium,2007-01-01,27,683657
1504,medium,2007-01-01,28,679772
1505,medium,2007-01-01,29,658655
1506,medium,2007-01-01,30,692656
1507,medium,2007-01-01,31,679834
1508,medium,2007-01-01,32,662693
1509,medium,2007-01-01,33,645474
1510,medium,2007-01-01,34,665972
1511,medium,2007-01-01,35,659757
1512,medium,2007-01-01,36,654126
1513,medium,2007-01-01,37,604063
1514,medium,2007-01-01,38,614695
1515,medium,2007-01-01,39,607790
1516,medium,2007-01-01,40,626906
1517,medium,2007-01-01,41,622187
1518,medium,2007-01-01,42,651273
1519,medium,2007-01-01,43,695758
1520,medium,2007-01-01,44,714699
1521,medium,2007-01-01,45,740324
1522,medium,2007-01-01,46,767380
1523,medium,2007-01-01,47,734623
1524,medium,2007-01-01,48,729204
1525,medium,2007-01-01,49,700890
1526,medium,2007-01-01,50,696506
1527,medium,2007-01-01,51,651739
1528,medium,2007-01-01,52,670897
1529,medium,2007-01-01,53,613279
1530,medium,2007-01-01,54,641523
1531,medium,2007-01-01,55,637893
1532,medium,2007-01-01,56,630195
1533,medium,2007-01-01,57,654162
1534,medium,2007-01-01,58,543343
1535,medium,2007-01-01,59,483226
1536,medium,2007-01-01,60,464451
1537,medium,2007-01-01,61,303649
1538,medium,2007-01-01,62,352970
1539,medium,2007-01-01,63,315865
1540,medium,2007-01-01,64,407768
1541,medium,2007-01-01,65,531830
1542,big,2007-01-01,66,543977
1543,big,2007-01-01,67,585217
1544,big,2007-01-01,68,606013
1545,big,2007-01-01,69,618593
1546,big,2007-01-01,70,492589
1547,big,2007-01-01,71,403839
1548,big,2007-01-01,72,296810
1549,big,2007-01-01,73,248942
1550,big,2007-01-01,74,312585
1551,big,2007-01-01,75,315824
1552,big,2007-01-01,76,373412
1553,big,2007-01-01,77,321820
1554,big,2007-01-01,78,324245
1555,big,2007-01-01,79,287258
1558,small,2008-01-01,0,468359
1559,small,2008-01-01,1,455634
1560,small,2008-01-01,2,421154
1561,small,2008-01-01,3,422374
1562,small,2008-01-01,4,403425
1563,small,2008-01-01,5,385049
1564,small,2008-01-01,6,370156
1565,small,2008-01-01,7,381142
1566,small,2008-01-01,8,385797
1567,small,2008-01-01,9,409851
1568,small,2008-01-01,10,427647
1569,small,2008-01-01,11,462040
1570,small,2008-01-01,12,480093
1571,small,2008-01-01,13,499318
1572,small,2008-01-01,14,529052
1573,small,2008-01-01,15,569872
1574,small,2008-01-01,16,611384
1575,small,2008-01-01,17,643340
1576,small,2008-01-01,18,674784
1577,medium,2008-01-01,19,719153
1578,medium,2008-01-01,20,744442
1579,medium,2008-01-01,21,789864
1580,medium,2008-01-01,22,767130
1581,medium,2008-01-01,23,784918
1582,medium,2008-01-01,24,798183
1583,medium,2008-01-01,25,728296
1584,medium,2008-01-01,26,705858
1585,medium,2008-01-01,27,720802
1586,medium,2008-01-01,28,681780
1587,medium,2008-01-01,29,677726
1588,medium,2008-01-01,30,656395
1589,medium,2008-01-01,31,690390
1590,medium,2008-01-01,32,677127
1591,medium,2008-01-01,33,660039
1592,medium,2008-01-01,34,642857
1593,medium,2008-01-01,35,663008
1594,medium,2008-01-01,36,656870
1595,medium,2008-01-01,37,651058
1596,medium,2008-01-01,38,601030
1597,medium,2008-01-01,39,611385
1598,medium,2008-01-01,40,603740
1599,medium,2008-01-01,41,623030
1600,medium,2008-01-01,42,618044
1601,medium,2008-01-01,43,646601
1602,medium,2008-01-01,44,690574
1603,medium,2008-01-01,45,708660
1604,medium,2008-01-01,46,734161
1605,medium,2008-01-01,47,760466
1606,medium,2008-01-01,48,727414
1607,medium,2008-01-01,49,721667
1608,medium,2008-01-01,50,692503
1609,medium,2008-01-01,51,688681
1610,medium,2008-01-01,52,643575
1611,medium,2008-01-01,53,661854
1612,medium,2008-01-01,54,604786
1613,medium,2008-01-01,55,631715
1614,medium,2008-01-01,56,627732
1615,medium,2008-01-01,57,619740
1616,medium,2008-01-01,58,642378
1617,medium,2008-01-01,59,533422
1618,medium,2008-01-01,60,473316
1619,medium,2008-01-01,61,454188
1620,medium,2008-01-01,62,296741
1621,medium,2008-01-01,63,344195
1622,medium,2008-01-01,64,307640
1623,medium,2008-01-01,65,396210
1624,big,2008-01-01,66,516712
1625,big,2008-01-01,67,527167
1626,big,2008-01-01,68,565633
1627,big,2008-01-01,69,584170
1628,big,2008-01-01,70,594360
1629,big,2008-01-01,71,471661
1630,big,2008-01-01,72,385018
1631,big,2008-01-01,73,281773
1632,big,2008-01-01,74,235271
1633,big,2008-01-01,75,294503
1634,big,2008-01-01,76,295961
1635,big,2008-01-01,77,348136
1636,big,2008-01-01,78,296707
1637,big,2008-01-01,79,297399
1640,small,2009-01-01,0,506342
1641,small,2009-01-01,1,467490
1642,small,2009-01-01,2,455343
1643,small,2009-01-01,3,421014
1644,small,2009-01-01,4,422286
1645,small,2009-01-01,5,403358
1646,small,2009-01-01,6,384980
1647,small,2009-01-01,7,370099
1648,small,2009-01-01,8,381053
1649,small,2009-01-01,9,385739
1650,small,2009-01-01,10,409758
1651,small,2009-01-01,11,427583
1652,small,2009-01-01,12,461973
1653,small,2009-01-01,13,479982
1654,small,2009-01-01,14,499188
1655,small,2009-01-01,15,528834
1656,small,2009-01-01,16,569791
1657,small,2009-01-01,17,611464
1658,small,2009-01-01,18,643568
1659,medium,2009-01-01,19,674757
1660,medium,2009-01-01,20,718870
1661,medium,2009-01-01,21,743727
1662,medium,2009-01-01,22,789009
1663,medium,2009-01-01,23,766169
1664,medium,2009-01-01,24,783719
1665,medium,2009-01-01,25,796745
1666,medium,2009-01-01,26,726856
1667,medium,2009-01-01,27,704235
1668,medium,2009-01-01,28,718957
1669,medium,2009-01-01,29,679794
1670,medium,2009-01-01,30,675420
1671,medium,2009-01-01,31,654077
1672,medium,2009-01-01,32,687764
1673,medium,2009-01-01,33,674214
1674,medium,2009-01-01,34,657145
1675,medium,2009-01-01,35,639767
1676,medium,2009-01-01,36,659986
1677,medium,2009-01-01,37,653660
1678,medium,2009-01-01,38,647738
1679,medium,2009-01-01,39,597672
1680,medium,2009-01-01,40,607550
1681,medium,2009-01-01,41,599909
1682,medium,2009-01-01,42,618820
1683,medium,2009-01-01,43,613493
1684,medium,2009-01-01,44,641732
1685,medium,2009-01-01,45,684952
1686,medium,2009-01-01,46,702672
1687,medium,2009-01-01,47,727566
1688,medium,2009-01-01,48,753351
1689,medium,2009-01-01,49,720169
1690,medium,2009-01-01,50,713451
1691,medium,2009-01-01,51,684406
1692,medium,2009-01-01,52,680152
1693,medium,2009-01-01,53,635288
1694,medium,2009-01-01,54,652749
1695,medium,2009-01-01,55,595893
1696,medium,2009-01-01,56,621907
1697,medium,2009-01-01,57,617270
1698,medium,2009-01-01,58,609069
1699,medium,2009-01-01,59,630477
1700,medium,2009-01-01,60,522834
1701,medium,2009-01-01,61,463107
1702,medium,2009-01-01,62,444080
1703,medium,2009-01-01,63,289651
1704,medium,2009-01-01,64,335309
1705,medium,2009-01-01,65,299205
1706,big,2009-01-01,66,384731
1707,big,2009-01-01,67,501490
1708,big,2009-01-01,68,510420
1709,big,2009-01-01,69,545741
1710,big,2009-01-01,70,561904
1711,big,2009-01-01,71,569342
1712,big,2009-01-01,72,450466
1713,big,2009-01-01,73,365810
1714,big,2009-01-01,74,266524
1715,big,2009-01-01,75,221534
1716,big,2009-01-01,76,276316
1717,big,2009-01-01,77,275755
1718,big,2009-01-01,78,323025
1719,big,2009-01-01,79,272033
1722,small,2010-01-01,0,508544
1723,small,2010-01-01,1,505661
1724,small,2010-01-01,2,467246
1725,small,2010-01-01,3,455233
1726,small,2010-01-01,4,420906
1727,small,2010-01-01,5,422218
1728,small,2010-01-01,6,403308
1729,small,2010-01-01,7,384907
1730,small,2010-01-01,8,370022
1731,small,2010-01-01,9,381004
1732,small,2010-01-01,10,385654
1733,small,2010-01-01,11,409693
1734,small,2010-01-01,12,427467
1735,small,2010-01-01,13,461872
1736,small,2010-01-01,14,479825
1737,small,2010-01-01,15,499029
1738,small,2010-01-01,16,528755
1739,small,2010-01-01,17,569782
1740,small,2010-01-01,18,611415
1741,medium,2010-01-01,19,643322
1742,medium,2010-01-01,20,674299
1743,medium,2010-01-01,21,718201
1744,medium,2010-01-01,22,742963
1745,medium,2010-01-01,23,788135
1746,medium,2010-01-01,24,765217
1747,medium,2010-01-01,25,782606
1748,medium,2010-01-01,26,795452
1749,medium,2010-01-01,27,725546
1750,medium,2010-01-01,28,702763
1751,medium,2010-01-01,29,717361
1752,medium,2010-01-01,30,677887
1753,medium,2010-01-01,31,673445
1754,medium,2010-01-01,32,651925
1755,medium,2010-01-01,33,685529
1756,medium,2010-01-01,34,671920
1757,medium,2010-01-01,35,654644
1758,medium,2010-01-01,36,637385
1759,medium,2010-01-01,37,657315
1760,medium,2010-01-01,38,650963
1761,medium,2010-01-01,39,645033
1762,medium,2010-01-01,40,594918
1763,medium,2010-01-01,41,604405
1764,medium,2010-01-01,42,596712
1765,medium,2010-01-01,43,615378
1766,medium,2010-01-01,44,609855
1767,medium,2010-01-01,45,637427
1768,medium,2010-01-01,46,680321
1769,medium,2010-01-01,47,697689
1770,medium,2010-01-01,48,722052
1771,medium,2010-01-01,49,747292
1772,medium,2010-01-01,50,713591
1773,medium,2010-01-01,51,706685
1774,medium,2010-01-01,52,677394
1775,medium,2010-01-01,53,672697
1776,medium,2010-01-01,54,628123
1777,medium,2010-01-01,55,644421
1778,medium,2010-01-01,56,587804
1779,medium,2010-01-01,57,612868
1780,medium,2010-01-01,58,607795
1781,medium,2010-01-01,59,599276
1782,medium,2010-01-01,60,618928
1783,medium,2010-01-01,61,512616
1784,medium,2010-01-01,62,453556
1785,medium,2010-01-01,63,434344
1786,medium,2010-01-01,64,283131
1787,medium,2010-01-01,65,326467
1788,big,2010-01-01,66,290995
1789,big,2010-01-01,67,373446
1790,big,2010-01-01,68,486387
1791,big,2010-01-01,69,493791
1792,big,2010-01-01,70,525863
1793,big,2010-01-01,71,539600
1794,big,2010-01-01,72,544535
1795,big,2010-01-01,73,429479
1796,big,2010-01-01,74,346622
1797,big,2010-01-01,75,251564
1798,big,2010-01-01,76,207988
1799,big,2010-01-01,77,257951
1800,big,2010-01-01,78,255871
1801,big,2010-01-01,79,298154
1804,small,2011-01-01,0,494011
1805,small,2011-01-01,1,507842
1806,small,2011-01-01,2,505437
1807,small,2011-01-01,3,467119
1808,small,2011-01-01,4,455154
1809,small,2011-01-01,5,420854
1810,small,2011-01-01,6,422187
1811,small,2011-01-01,7,403278
1812,small,2011-01-01,8,384867
1813,small,2011-01-01,9,369950
1814,small,2011-01-01,10,380977
1815,small,2011-01-01,11,385591
1816,small,2011-01-01,12,409631
1817,small,2011-01-01,13,427347
1818,small,2011-01-01,14,461745
1819,small,2011-01-01,15,479679
1820,small,2011-01-01,16,498928
1821,small,2011-01-01,17,528684
1822,small,2011-01-01,18,569619
1823,medium,2011-01-01,19,611182
1824,medium,2011-01-01,20,642984
1825,medium,2011-01-01,21,673871
1826,medium,2011-01-01,22,717720
1827,medium,2011-01-01,23,742327
1828,medium,2011-01-01,24,787453
1829,medium,2011-01-01,25,764449
1830,medium,2011-01-01,26,781755
1831,medium,2011-01-01,27,794364
1832,medium,2011-01-01,28,724370
1833,medium,2011-01-01,29,701434
1834,medium,2011-01-01,30,715821
1835,medium,2011-01-01,31,676245
1836,medium,2011-01-01,32,671549
1837,medium,2011-01-01,33,649974
1838,medium,2011-01-01,34,683524
1839,medium,2011-01-01,35,669694
1840,medium,2011-01-01,36,652407
1841,medium,2011-01-01,37,635112
1842,medium,2011-01-01,38,654906
1843,medium,2011-01-01,39,648502
1844,medium,2011-01-01,40,642361
1845,medium,2011-01-01,41,592240
1846,medium,2011-01-01,42,601458
1847,medium,2011-01-01,43,593610
1848,medium,2011-01-01,44,612186
1849,medium,2011-01-01,45,606494
1850,medium,2011-01-01,46,633719
1851,medium,2011-01-01,47,675871
1852,medium,2011-01-01,48,692920
1853,medium,2011-01-01,49,716851
1854,medium,2011-01-01,50,741397
1855,medium,2011-01-01,51,707542
1856,medium,2011-01-01,52,700242
1857,medium,2011-01-01,53,670673
1858,medium,2011-01-01,54,665727
1859,medium,2011-01-01,55,620977
1860,medium,2011-01-01,56,636491
1861,medium,2011-01-01,57,579912
1862,medium,2011-01-01,58,604109
1863,medium,2011-01-01,59,598425
1864,medium,2011-01-01,60,589129
1865,medium,2011-01-01,61,607168
1866,medium,2011-01-01,62,502420
1867,medium,2011-01-01,63,443842
1868,medium,2011-01-01,64,424651
1869,medium,2011-01-01,65,276356
1870,big,2011-01-01,66,317528
1871,big,2011-01-01,67,282603
1872,big,2011-01-01,68,361966
1873,big,2011-01-01,69,470732
1874,big,2011-01-01,70,476296
1875,big,2011-01-01,71,505158
1876,big,2011-01-01,72,516543
1877,big,2011-01-01,73,518959
1878,big,2011-01-01,74,407461
1879,big,2011-01-01,75,326616
1880,big,2011-01-01,76,235858
1881,big,2011-01-01,77,194098
1882,big,2011-01-01,78,239047
1883,big,2011-01-01,79,235633
1886,small,2012-01-01,0,498975
1887,small,2012-01-01,1,493356
1888,small,2012-01-01,2,507656
1889,small,2012-01-01,3,505325
1890,small,2012-01-01,4,467005
1891,small,2012-01-01,5,455095
1892,small,2012-01-01,6,420822
1893,small,2012-01-01,7,422104
1894,small,2012-01-01,8,403225
1895,small,2012-01-01,9,384845
1896,small,2012-01-01,10,369864
1897,small,2012-01-01,11,380938
1898,small,2012-01-01,12,385536
1899,small,2012-01-01,13,409571
1900,small,2012-01-01,14,427214
1901,small,2012-01-01,15,461601
1902,small,2012-01-01,16,479618
1903,small,2012-01-01,17,498888
1904,small,2012-01-01,18,528571
1905,medium,2012-01-01,19,569467
1906,medium,2012-01-01,20,610911
1907,medium,2012-01-01,21,642654
1908,medium,2012-01-01,22,673409
1909,medium,2012-01-01,23,717141
1910,medium,2012-01-01,24,741708
1911,medium,2012-01-01,25,786701
1912,medium,2012-01-01,26,763694
1913,medium,2012-01-01,27,780792
1914,medium,2012-01-01,28,793319
1915,medium,2012-01-01,29,723255
1916,medium,2012-01-01,30,700176
1917,medium,2012-01-01,31,714449
1918,medium,2012-01-01,32,674597
1919,medium,2012-01-01,33,669788
1920,medium,2012-01-01,34,648193
1921,medium,2012-01-01,35,681425
1922,medium,2012-01-01,36,667508
1923,medium,2012-01-01,37,650087
1924,medium,2012-01-01,38,632859
1925,medium,2012-01-01,39,652532
1926,medium,2012-01-01,40,645986
1927,medium,2012-01-01,41,639673
1928,medium,2012-01-01,42,589634
1929,medium,2012-01-01,43,598725
1930,medium,2012-01-01,44,590545
1931,medium,2012-01-01,45,608975
1932,medium,2012-01-01,46,603191
1933,medium,2012-01-01,47,629853
1934,medium,2012-01-01,48,671496
1935,medium,2012-01-01,49,688262
1936,medium,2012-01-01,50,711501
1937,medium,2012-01-01,51,735508
1938,medium,2012-01-01,52,701267
1939,medium,2012-01-01,53,693683
1940,medium,2012-01-01,54,664039
1941,medium,2012-01-01,55,658795
1942,medium,2012-01-01,56,613713
1943,medium,2012-01-01,57,628380
1944,medium,2012-01-01,58,571936
1945,medium,2012-01-01,59,595309
1946,medium,2012-01-01,60,588974
1947,medium,2012-01-01,61,578908
1948,medium,2012-01-01,62,595366
1949,medium,2012-01-01,63,491996
1950,medium,2012-01-01,64,434253
1951,medium,2012-01-01,65,414826
1952,big,2012-01-01,66,269722
1953,big,2012-01-01,67,308812
1954,big,2012-01-01,68,274300
1955,big,2012-01-01,69,350510
1956,big,2012-01-01,70,455304
1957,big,2012-01-01,71,458938
1958,big,2012-01-01,72,484622
1959,big,2012-01-01,73,493947
1960,big,2012-01-01,74,493827
1961,big,2012-01-01,75,385951
1962,big,2012-01-01,76,307464
1963,big,2012-01-01,77,220555
1964,big,2012-01-01,78,180541
1965,big,2012-01-01,79,220884
1968,small,2013-01-01,0,517301
1969,small,2013-01-01,1,498371
1970,small,2013-01-01,2,493244
1971,small,2013-01-01,3,507600
1972,small,2013-01-01,4,505271
1973,small,2013-01-01,5,466956
1974,small,2013-01-01,6,455065
1975,small,2013-01-01,7,420828
1976,small,2013-01-01,8,422107
1977,small,2013-01-01,9,403202
1978,small,2013-01-01,10,384840
1979,small,2013-01-01,11,369865
1980,small,2013-01-01,12,380934
1981,small,2013-01-01,13,385468
1982,small,2013-01-01,14,409546
1983,small,2013-01-01,15,427125
1984,small,2013-01-01,16,461646
1985,small,2013-01-01,17,481022
1986,small,2013-01-01,18,502395
1987,medium,2013-01-01,19,532948
1988,medium,2013-01-01,20,573923
1989,medium,2013-01-01,21,614901
1990,medium,2013-01-01,22,646471
1991,medium,2013-01-01,23,676892
1992,medium,2013-01-01,24,719970
1993,medium,2013-01-01,25,743412
1994,medium,2013-01-01,26,787692
1995,medium,2013-01-01,27,764199
1996,medium,2013-01-01,28,780740
1997,medium,2013-01-01,29,792949
1998,medium,2013-01-01,30,722705
1999,medium,2013-01-01,31,699290
2000,medium,2013-01-01,32,713301
2001,medium,2013-01-01,33,673094
2002,medium,2013-01-01,34,668208
2003,medium,2013-01-01,35,646372
2004,medium,2013-01-01,36,679662
2005,medium,2013-01-01,37,665450
2006,medium,2013-01-01,38,647888
2007,medium,2013-01-01,39,630729
2008,medium,2013-01-01,40,650182
2009,medium,2013-01-01,41,643465
2010,medium,2013-01-01,42,637092
2011,medium,2013-01-01,43,586960
2012,medium,2013-01-01,44,595845
2013,medium,2013-01-01,45,587394
2014,medium,2013-01-01,46,605694
2015,medium,2013-01-01,47,599831
2016,medium,2013-01-01,48,625896
2017,medium,2013-01-01,49,666952
2018,medium,2013-01-01,50,683177
2019,medium,2013-01-01,51,705975
2020,medium,2013-01-01,52,729360
2021,medium,2013-01-01,53,694910
2022,medium,2013-01-01,54,686947
2023,medium,2013-01-01,55,656703
2024,medium,2013-01-01,56,651263
2025,medium,2013-01-01,57,605913
2026,medium,2013-01-01,58,619955
2027,medium,2013-01-01,59,563535
2028,medium,2013-01-01,60,585612
2029,medium,2013-01-01,61,578626
2030,medium,2013-01-01,62,568125
2031,medium,2013-01-01,63,583070
2032,medium,2013-01-01,64,481310
2033,medium,2013-01-01,65,424106
2034,big,2013-01-01,66,404613
2035,big,2013-01-01,67,262889
2036,big,2013-01-01,68,299639
2037,big,2013-01-01,69,265621
2038,big,2013-01-01,70,338639
2039,big,2013-01-01,71,439209
2040,big,2013-01-01,72,441227
2041,big,2013-01-01,73,463549
2042,big,2013-01-01,74,470627
2043,big,2013-01-01,75,468064
2044,big,2013-01-01,76,364264
2045,big,2013-01-01,77,288170
2046,big,2013-01-01,78,205512
2047,big,2013-01-01,79,166874
2050,small,2014-01-01,0,500484
2051,small,2014-01-01,1,516810
2052,small,2014-01-01,2,498240
2053,small,2014-01-01,3,493186
2054,small,2014-01-01,4,507595
2055,small,2014-01-01,5,505260
2056,small,2014-01-01,6,466967
2057,small,2014-01-01,7,455060
2058,small,2014-01-01,8,420812
2059,small,2014-01-01,9,422107
2060,small,2014-01-01,10,403163
2061,small,2014-01-01,11,384829
2062,small,2014-01-01,12,369864
2063,small,2014-01-01,13,380885
2064,small,2014-01-01,14,385427
2065,small,2014-01-01,15,409399
2066,small,2014-01-01,16,427112
2067,small,2014-01-01,17,462666
2068,small,2014-01-01,18,483504
2069,medium,2014-01-01,19,505129
2070,medium,2014-01-01,20,534986
2071,medium,2014-01-01,21,575090
2072,medium,2014-01-01,22,615346
2073,medium,2014-01-01,23,646632
2074,medium,2014-01-01,24,676584
2075,medium,2014-01-01,25,719107
2076,medium,2014-01-01,26,742674
2077,medium,2014-01-01,27,786978
2078,medium,2014-01-01,28,763407
2079,medium,2014-01-01,29,779918
2080,medium,2014-01-01,30,791715
2081,medium,2014-01-01,31,721483
2082,medium,2014-01-01,32,698055
2083,medium,2014-01-01,33,711629
2084,medium,2014-01-01,34,671304
2085,medium,2014-01-01,35,666215
2086,medium,2014-01-01,36,644369
2087,medium,2014-01-01,37,677386
2088,medium,2014-01-01,38,663157
2089,medium,2014-01-01,39,645479
2090,medium,2014-01-01,40,628300
2091,medium,2014-01-01,41,647506
2092,medium,2014-01-01,42,640779
2093,medium,2014-01-01,43,634139
2094,medium,2014-01-01,44,584185
2095,medium,2014-01-01,45,592680
2096,medium,2014-01-01,46,583990
2097,medium,2014-01-01,47,602073
2098,medium,2014-01-01,48,596037
2099,medium,2014-01-01,49,621644
2100,medium,2014-01-01,50,661870
2101,medium,2014-01-01,51,677766
2102,medium,2014-01-01,52,699967
2103,medium,2014-01-01,53,722830
2104,medium,2014-01-01,54,687979
2105,medium,2014-01-01,55,679519
2106,medium,2014-01-01,56,649023
2107,medium,2014-01-01,57,643337
2108,medium,2014-01-01,58,597886
2109,medium,2014-01-01,59,611079
2110,medium,2014-01-01,60,554564
2111,medium,2014-01-01,61,575328
2112,medium,2014-01-01,62,567535
2113,medium,2014-01-01,63,556763
2114,medium,2014-01-01,64,570271
2115,medium,2014-01-01,65,470113
2116,big,2014-01-01,66,413630
2117,big,2014-01-01,67,394098
2118,big,2014-01-01,68,255747
2119,big,2014-01-01,69,290154
2120,big,2014-01-01,70,256589
2121,big,2014-01-01,71,326236
2122,big,2014-01-01,72,422681
2123,big,2014-01-01,73,423065
2124,big,2014-01-01,74,442285
2125,big,2014-01-01,75,446659
2126,big,2014-01-01,76,441667
2127,big,2014-01-01,77,341987
2128,big,2014-01-01,78,268280
2129,big,2014-01-01,79,190401
2132,small,2015-01-01,0,463048
2133,small,2015-01-01,1,471667
2134,small,2015-01-01,2,487489
2135,small,2015-01-01,3,470674
2136,small,2015-01-01,4,465766
2137,small,2015-01-01,5,479839
2138,small,2015-01-01,6,477711
2139,small,2015-01-01,7,441282
2140,small,2015-01-01,8,431088
2141,small,2015-01-01,9,398992
2142,small,2015-01-01,10,400157
2143,small,2015-01-01,11,382164
2144,small,2015-01-01,12,365500
2145,small,2015-01-01,13,351654
2146,small,2015-01-01,14,362140
2147,small,2015-01-01,15,366788
2148,small,2015-01-01,16,390627
2149,small,2015-01-01,17,408118
2150,small,2015-01-01,18,443864
2151,medium,2015-01-01,19,464199
2152,medium,2015-01-01,20,483467
2153,medium,2015-01-01,21,511154
2154,medium,2015-01-01,22,548143
2155,medium,2015-01-01,23,584697
2156,medium,2015-01-01,24,613202
2157,medium,2015-01-01,25,640357
2158,medium,2015-01-01,26,679712
2159,medium,2015-01-01,27,701238
2160,medium,2015-01-01,28,744255
2161,medium,2015-01-01,29,721602
2162,medium,2015-01-01,30,738136
2163,medium,2015-01-01,31,747421
2164,medium,2015-01-01,32,679908
2165,medium,2015-01-01,33,658374
2166,medium,2015-01-01,34,672724
2167,medium,2015-01-01,35,634644
2168,medium,2015-01-01,36,629955
2169,medium,2015-01-01,37,608762
2170,medium,2015-01-01,38,641010
2171,medium,2015-01-01,39,627781
2172,medium,2015-01-01,40,610769
2173,medium,2015-01-01,41,595104
2174,medium,2015-01-01,42,612953
2175,medium,2015-01-01,43,607062
2176,medium,2015-01-01,44,601018
2177,medium,2015-01-01,45,552110
2178,medium,2015-01-01,46,560016
2179,medium,2015-01-01,47,551663
2180,medium,2015-01-01,48,567394
2181,medium,2015-01-01,49,560689
2182,medium,2015-01-01,50,584673
2183,medium,2015-01-01,51,622484
2184,medium,2015-01-01,52,635389
2185,medium,2015-01-01,53,657082
2186,medium,2015-01-01,54,678597
2187,medium,2015-01-01,55,644613
2188,medium,2015-01-01,56,636565
2189,medium,2015-01-01,57,606224
2190,medium,2015-01-01,58,599637
2191,medium,2015-01-01,59,555880
2192,medium,2015-01-01,60,567400
2193,medium,2015-01-01,61,513604
2194,medium,2015-01-01,62,532451
2195,medium,2015-01-01,63,525751
2196,medium,2015-01-01,64,515444
2197,medium,2015-01-01,65,526907
2198,big,2015-01-01,66,434510
2199,big,2015-01-01,67,379758
2200,big,2015-01-01,68,362327
2201,big,2015-01-01,69,235161
2202,big,2015-01-01,70,267330
2203,big,2015-01-01,71,235972
2204,big,2015-01-01,72,297309
2205,big,2015-01-01,73,384437
2206,big,2015-01-01,74,382902
2207,big,2015-01-01,75,397713
2208,big,2015-01-01,76,400259
2209,big,2015-01-01,77,392885
2210,big,2015-01-01,78,303595
2211,big,2015-01-01,79,236094
2214,small,2016-01-01,0,409172
2215,small,2016-01-01,1,462489
2216,small,2016-01-01,2,471450
2217,small,2016-01-01,3,487356
2218,small,2016-01-01,4,470537
2219,small,2016-01-01,5,465685
2220,small,2016-01-01,6,479739
2221,small,2016-01-01,7,477651
2222,small,2016-01-01,8,441212
2223,small,2016-01-01,9,431011
2224,small,2016-01-01,10,398896
2225,small,2016-01-01,11,400099
2226,small,2016-01-01,12,382049
2227,small,2016-01-01,13,365398
2228,small,2016-01-01,14,351549
2229,small,2016-01-01,15,362018
2230,small,2016-01-01,16,366728
2231,small,2016-01-01,17,390967
2232,small,2016-01-01,18,409303
2233,medium,2016-01-01,19,445062
2234,medium,2016-01-01,20,464844
2235,medium,2016-01-01,21,483136
2236,medium,2016-01-01,22,510561
2237,medium,2016-01-01,23,547499
2238,medium,2016-01-01,24,583881
2239,medium,2016-01-01,25,612369
2240,medium,2016-01-01,26,639634
2241,medium,2016-01-01,27,678904
2242,medium,2016-01-01,28,700457
2243,medium,2016-01-01,29,743322
2244,medium,2016-01-01,30,720706
2245,medium,2016-01-01,31,736924
2246,medium,2016-01-01,32,746069
2247,medium,2016-01-01,33,678493
2248,medium,2016-01-01,34,656924
2249,medium,2016-01-01,35,671042
2250,medium,2016-01-01,36,632843
2251,medium,2016-01-01,37,628059
2252,medium,2016-01-01,38,606774
2253,medium,2016-01-01,39,638746
2254,medium,2016-01-01,40,625422
2255,medium,2016-01-01,41,608258
2256,medium,2016-01-01,42,592620
2257,medium,2016-01-01,43,610260
2258,medium,2016-01-01,44,604322
2259,medium,2016-01-01,45,598204
2260,medium,2016-01-01,46,549243
2261,medium,2016-01-01,47,556754
2262,medium,2016-01-01,48,548420
2263,medium,2016-01-01,49,563779
2264,medium,2016-01-01,50,556891
2265,medium,2016-01-01,51,580454
2266,medium,2016-01-01,52,617756
2267,medium,2016-01-01,53,630116
2268,medium,2016-01-01,54,651476
2269,medium,2016-01-01,55,672000
2270,medium,2016-01-01,56,637907
2271,medium,2016-01-01,57,629512
2272,medium,2016-01-01,58,598789
2273,medium,2016-01-01,59,591928
2274,medium,2016-01-01,60,547924
2275,medium,2016-01-01,61,558239
2276,medium,2016-01-01,62,504742
2277,medium,2016-01-01,63,522341
2278,medium,2016-01-01,64,515102
2279,medium,2016-01-01,65,504398
2280,big,2016-01-01,66,514301
2281,big,2016-01-01,67,423593
2282,big,2016-01-01,68,369280
2283,big,2016-01-01,69,351980
2284,big,2016-01-01,70,227984
2285,big,2016-01-01,71,257690
2286,big,2016-01-01,72,226975
2287,big,2016-01-01,73,285034
2288,big,2016-01-01,74,368301
2289,big,2016-01-01,75,365066
2290,big,2016-01-01,76,376934
2291,big,2016-01-01,77,377437
2292,big,2016-01-01,78,367864
2293,big,2016-01-01,79,282648
2296,small,2017-01-01,0,394626
2297,small,2017-01-01,1,408645
2298,small,2017-01-01,2,462265
2299,small,2017-01-01,3,471308
2300,small,2017-01-01,4,487231
2301,small,2017-01-01,5,470434
2302,small,2017-01-01,6,465594
2303,small,2017-01-01,7,479645
2304,small,2017-01-01,8,477573
2305,small,2017-01-01,9,441134
2306,small,2017-01-01,10,430964
2307,small,2017-01-01,11,398813
2308,small,2017-01-01,12,400030
2309,small,2017-01-01,13,381977
2310,small,2017-01-01,14,365297
2311,small,2017-01-01,15,351424
2312,small,2017-01-01,16,361912
2313,small,2017-01-01,17,366734
2314,small,2017-01-01,18,391384
2315,medium,2017-01-01,19,410177
2316,medium,2017-01-01,20,445603
2317,medium,2017-01-01,21,465040
2318,medium,2017-01-01,22,483244
2319,medium,2017-01-01,23,510421
2320,medium,2017-01-01,24,547264
2321,medium,2017-01-01,25,583565
2322,medium,2017-01-01,26,611950
2323,medium,2017-01-01,27,639041
2324,medium,2017-01-01,28,678228
2325,medium,2017-01-01,29,699675
2326,medium,2017-01-01,30,742282
2327,medium,2017-01-01,31,719665
2328,medium,2017-01-01,32,735679
2329,medium,2017-01-01,33,744597
2330,medium,2017-01-01,34,677042
2331,medium,2017-01-01,35,655291
2332,medium,2017-01-01,36,669283
2333,medium,2017-01-01,37,630860
2334,medium,2017-01-01,38,625961
2335,medium,2017-01-01,39,604617
2336,medium,2017-01-01,40,636361
2337,medium,2017-01-01,41,623018
2338,medium,2017-01-01,42,605632
2339,medium,2017-01-01,43,589869
2340,medium,2017-01-01,44,607385
2341,medium,2017-01-01,45,601245
2342,medium,2017-01-01,46,595107
2343,medium,2017-01-01,47,546188
2344,medium,2017-01-01,48,553304
2345,medium,2017-01-01,49,544798
2346,medium,2017-01-01,50,559851
2347,medium,2017-01-01,51,552827
2348,medium,2017-01-01,52,575882
2349,medium,2017-01-01,53,612612
2350,medium,2017-01-01,54,624406
2351,medium,2017-01-01,55,645368
2352,medium,2017-01-01,56,665137
2353,medium,2017-01-01,57,630784
2354,medium,2017-01-01,58,621818
2355,medium,2017-01-01,59,590919
2356,medium,2017-01-01,60,583335
2357,medium,2017-01-01,61,539060
2358,medium,2017-01-01,62,548830
2359,medium,2017-01-01,63,495259
2360,medium,2017-01-01,64,511901
2361,medium,2017-01-01,65,504167
2362,big,2017-01-01,66,493104
2363,big,2017-01-01,67,501467
2364,big,2017-01-01,68,412394
2365,big,2017-01-01,69,358613
2366,big,2017-01-01,70,341261
2367,big,2017-01-01,71,220501
2368,big,2017-01-01,72,247744
2369,big,2017-01-01,73,217680
2370,big,2017-01-01,74,272273
2371,big,2017-01-01,75,351525
2372,big,2017-01-01,76,346812
2373,big,2017-01-01,77,355628
2374,big,2017-01-01,78,354350
2375,big,2017-01-01,79,342829
2378,small,2018-01-01,0,361789
2379,small,2018-01-01,1,394316
2380,small,2018-01-01,2,408532
2381,small,2018-01-01,3,462137
2382,small,2018-01-01,4,471199
2383,small,2018-01-01,5,487123
2384,small,2018-01-01,6,470302
2385,small,2018-01-01,7,465514
2386,small,2018-01-01,8,479558
2387,small,2018-01-01,9,477474
2388,small,2018-01-01,10,441059
2389,small,2018-01-01,11,430887
2390,small,2018-01-01,12,398720
2391,small,2018-01-01,13,399954
2392,small,2018-01-01,14,381926
2393,small,2018-01-01,15,365209
2394,small,2018-01-01,16,351393
2395,small,2018-01-01,17,362205
2396,small,2018-01-01,18,368336
2397,medium,2018-01-01,19,393500
2398,medium,2018-01-01,20,411514
2399,medium,2018-01-01,21,445723
2400,medium,2018-01-01,22,464281
2401,medium,2018-01-01,23,482355
2402,medium,2018-01-01,24,509637
2403,medium,2018-01-01,25,546341
2404,medium,2018-01-01,26,582797
2405,medium,2018-01-01,27,611096
2406,medium,2018-01-01,28,638355
2407,medium,2018-01-01,29,677361
2408,medium,2018-01-01,30,698733
2409,medium,2018-01-01,31,741196
2410,medium,2018-01-01,32,718508
2411,medium,2018-01-01,33,734367
2412,medium,2018-01-01,34,743118
2413,medium,2018-01-01,35,675531
2414,medium,2018-01-01,36,653759
2415,medium,2018-01-01,37,667400
2416,medium,2018-01-01,38,628973
2417,medium,2018-01-01,39,623854
2418,medium,2018-01-01,40,602372
2419,medium,2018-01-01,41,634056
2420,medium,2018-01-01,42,620601
2421,medium,2018-01-01,43,602877
2422,medium,2018-01-01,44,587140
2423,medium,2018-01-01,45,604581
2424,medium,2018-01-01,46,598111
2425,medium,2018-01-01,47,591828
2426,medium,2018-01-01,48,543027
2427,medium,2018-01-01,49,549883
2428,medium,2018-01-01,50,540919
2429,medium,2018-01-01,51,555788
2430,medium,2018-01-01,52,548667
2431,medium,2018-01-01,53,571144
2432,medium,2018-01-01,54,607217
2433,medium,2018-01-01,55,618382
2434,medium,2018-01-01,56,639060
2435,medium,2018-01-01,57,658082
2436,medium,2018-01-01,58,623390
2437,medium,2018-01-01,59,613864
2438,medium,2018-01-01,60,582590
2439,medium,2018-01-01,61,574648
2440,medium,2018-01-01,62,530112
2441,medium,2018-01-01,63,539149
2442,medium,2018-01-01,64,485976
2443,medium,2018-01-01,65,501423
2444,big,2018-01-01,66,493016
2445,big,2018-01-01,67,481354
2446,big,2018-01-01,68,488077
2447,big,2018-01-01,69,400651
2448,big,2018-01-01,70,347745
2449,big,2018-01-01,71,330123
2450,big,2018-01-01,72,213082
2451,big,2018-01-01,73,237472
2452,big,2018-01-01,74,208152
2453,big,2018-01-01,75,259397
2454,big,2018-01-01,76,335004
2455,big,2018-01-01,77,328293
2456,big,2018-01-01,78,334278
2457,big,2018-01-01,79,331301
